started,extinguished,counties,latitude,longitude,acresBurned,precipIntensity,precipIntensityMax,precipProbability,dewPoint,humidity,windSpeed,windGust,windBearing,uvIndex,temperatureMin,temperatureMax,cloudCover,visibility,pressure,wildfireIntensity
2013-02-24T08:16:00Z,2013-02-28T20:00:00Z,Inyo,36.60258,-118.017,406,0,0,0,3.794,0.202,8.618,22.83,294.6,0,31.076,58.788,,,,Medium
2013-05-01T09:12:00Z,2013-05-09T09:00:00Z,Tehama,40.19006,-121.596,6965,0.000956,0.004767,0.146667,30.05667,0.5,3.346667,12.61222,117.3333,7.666667,44.09111,64.22444,0.402222,9.815889,,High
2013-05-01T12:38:00Z,2013-05-04T18:30:00Z,Riverside,34.28888,-116.941,3166,0,0,0,9.54,0.23,3.895,16.175,95.75,11.75,36.06,64.4275,0.0125,9.82275,,High
2013-05-01T19:00:00Z,2013-05-05T18:00:00Z,Glenn,39.51414,-122.561,217,0,0,0,22.254,0.18,6.022,20.492,210.4,0,56.932,84.108,,,,Low
2013-05-15T12:50:00Z,2013-05-21T19:45:00Z,Kern,34.7861,-118.941,4346,0,0,0,33.40714,0.524286,4.89,17.07429,272.5714,11.71429,40.46143,64.12714,0.081429,9.997,1013.8,High
2013-05-23T12:20:00Z,2013-05-26T17:45:00Z,San Diego,33.12111,-116.526,2781,0,0.00015,0.0075,35.0425,0.4075,9.5175,20.2375,254.5,11,50.2575,70.825,0.43,8.83475,1012.375,High
2013-05-26T12:04:00Z,2013-05-31T06:15:00Z,San Diego,33.04458,-116.521,1271,0,0,0,41.43333,0.528333,9.805,20.55167,256,11.66667,51.04,69.785,0.365,8.2765,1011.133,High
2013-05-27T14:45:00Z,2013-05-30T19:30:00Z,Santa Barbara,34.55048,-119.824,1984,2.50E-05,0.000725,0.045,48.68,0.5975,8.0425,17.88,276.25,10.75,52.98,79.7975,0.1275,9.94475,1011.525,High
2013-06-10T00:46:00Z,2013-06-14T15:45:00Z,Sonoma,38.4229,-122.044,28,0.00224,0.0067,0.134,49.508,0.59,7.98,18.334,241.4,10.2,54.6,77.554,0.068,9.99,1012.3,Low
2013-06-16T14:12:00Z,2013-06-26T11:15:00Z,Mariposa,37.58202,-119.911,1708,0.000882,0.004382,0.104545,39.95273,0.432727,3.538182,13.21364,277.0909,,52.89364,77.35091,,,,High
2013-06-28T14:30:00Z,2013-07-01T06:00:00Z,San Bernardino,34.07156,-117.048,534,0,0,0,48.74,0.3,2.825,15.88,168.25,10,71.45,101.59,0.0825,9.997,1010.8,Medium
2013-07-06T12:55:00Z,2013-07-15T06:15:00Z,San Diego,32.95435,-116.474,7055,0.00011,0.00053,0.041,48.386,0.388,4.562,13.803,267.4,11.7,68.883,85.975,0.179,8.9325,1010.39,High
2013-07-08T12:45:00Z,2013-07-11T18:30:00Z,El Dorado,38.774,-120.298,572,0.0003,0.0015,0.0175,34.5375,0.2325,3.855,18.75,220.75,11,65.04,88.7775,0.0575,9.997,1017.3,Medium
2013-07-19T12:00:00Z,2013-07-22T18:45:00Z,Kern,34.882,-118.919,712,0,0,0,39.7075,0.2575,5.0975,16.275,215.75,11,67.47,89.7175,0.0425,9.997,1011.95,High
2013-08-01T16:01:00Z,2013-08-04T14:45:00Z,Butte,39.6612,-121.504,92,0,0,0,45.655,0.3575,4.07,11.6025,114.25,9.5,61.87,90.0475,0.0675,9.88775,1013.6,Low
2013-08-05T06:00:00Z,2013-08-14T08:30:00Z,Tuolumne,38.25108,-120.028,1070,2.00E-05,8.00E-05,0.002,37.287,0.353,2.156,9.856,208.9,9.9,53.772,82.776,0.06,9.6291,1012.69,Medium
2013-08-05T10:10:00Z,2013-08-09T18:45:00Z,Riverside,33.62236,-117.403,1383,0,6.00E-05,0.006,52.276,0.626,3.872,16.152,187.8,10.2,53.932,83.2,0.258,8.8882,1014.72,High
2013-08-08T12:15:00Z,2013-08-13T23:45:00Z,San Bernardino,34.35,-117.62,243,0,0,0,23.99333,0.221667,3.076667,13.775,210.1667,10.66667,54.57667,74.85,0.065,9.2825,1012.667,Low
2013-08-09T15:51:00Z,2013-08-12T09:30:00Z,Lassen,40.88886,-120.958,97,0.000425,0.007075,0.1275,35.3125,0.445,2.55,14.4175,294.25,0,42.195,75.52,,10,,Low
2013-08-16T16:37:00Z,2013-08-22T18:00:00Z,Butte,39.44627,-121.382,2462,0.000114,0.001371,0.005714,51.67286,0.397143,3.515714,11.79143,178,9,65.34,94.42286,0.041429,9.631571,1012.286,High
2013-08-18T18:30:00Z,2013-08-25T13:15:00Z,Plumas,40.00842,-120.765,513,0.000775,0.00895,0.1725,42.5,0.49,2.6475,14.7675,170.75,0,49.435,84.49125,,,,Medium
2013-08-18T23:12:00Z,2013-08-24T13:45:00Z,Kern,35.707,-118.588,794,0.000943,0.011229,0.151429,43.83857,0.371429,5.455714,20.83571,241,0,61.02714,87.61143,,,,Medium
2013-08-19T17:48:00Z,2013-08-23T19:15:00Z,Shasta,40.5445,-121.375,196,0.00162,0.01726,0.246,45.596,0.534,2.1,12.334,216,0,51.67,82.192,,,,Low
2013-08-23T14:15:00Z,2013-08-29T16:45:00Z,Tehama,40.04263,-121.854,11429,2.86E-05,0.000271,0.044286,47.54714,0.434286,4.304286,11.53571,160.2857,7.857143,59.05429,85.34,0.18,9.898286,1010.043,High
2013-08-24T15:09:00Z,2013-08-30T08:00:00Z,San Bernardino,33.642,-116.706,97,0.001843,0.016871,0.214286,53.44429,0.587143,3.531429,14.07286,165,8.857143,61.90429,80.25571,0.301429,9.776286,1010.243,Low
2013-09-05T15:57:00Z,2013-09-24T20:15:00Z,Modoc,41.73325,-120.375,97,0.000789,0.009668,0.127368,34.47842,0.398421,4.61,16.88947,191.8947,6.842105,49.17263,76.66895,0.197895,9.955632,1012.689,Low
2013-09-08T11:53:00Z,2013-09-24T20:15:00Z,Tulare,36.258,-118.459,134,0.000459,0.004788,0.241765,37.12176,0.579412,2.674118,13.40882,235.1176,0,41.57,67.32529,,,,Low
2013-09-08T13:08:00Z,2013-09-14T17:30:00Z,Contra Costa,37.90757,-121.883,3111,1.43E-05,0.000357,0.035714,52.11286,0.574286,7.584286,17.24857,279.7143,7.571429,60.02857,84.49714,0.234286,9.979857,1010.2,High
2013-09-09T12:32:00Z,2013-09-15T07:30:00Z,Shasta,40.49833,-122.535,8073,0,7.14E-05,0.002857,49.76429,0.422857,1.851429,10.51,183.7143,7,60.15714,97.62857,0.007143,9.984286,1007.971,High
2013-09-09T13:09:00Z,2013-09-12T18:15:00Z,San Diego,32.71092,-116.746,263,0.00025,0.003225,0.09,50.51,0.4925,4.9575,15.5775,263.75,8.5,64.3725,80.9775,0.3875,8.77475,1010.8,Medium
2013-09-23T18:00:00Z,2013-09-28T08:00:00Z,Los Angeles,34.149,-117.908,268,8.33E-05,0.00075,0.06,44.55667,0.441667,2.895,12.25167,236.5,7,59.015,83.565,0.135,9.867667,1009.967,Low
2013-09-24T15:51:00Z,2013-09-30T08:30:00Z,San Bernardino,34.2,-117.417,200,0.000214,0.002514,0.081429,32.75286,0.312857,4.595714,16.56714,251,7.142857,55.64286,81.93143,0.081429,9.833143,1011.671,Low
2013-10-05T12:45:00Z,2013-10-09T19:00:00Z,San Diego,33.341,-117.309,2236,2.00E-05,0.00034,0.02,33.55,0.334,4.666,15.114,101,6.6,61.15,83.93,0.232,9.2518,1014.38,High
2013-10-06T10:52:00Z,2013-10-09T08:00:00Z,Orange,33.7655,-117.665,40,0,0,0,32.29,0.31,5.89,18.8775,133.75,6.25,61.1125,82.1375,0.1275,9.69525,1014.8,Low
2013-11-22T02:04:00Z,2013-11-27T18:15:00Z,Sonoma,38.8167,-122.85,3505,6.67E-05,0.000567,0.031667,25.33333,0.466667,3.913333,18.80833,87.66667,2.666667,40.88,61.3,0.106667,9.820333,1018.6,High
2014-01-02T20:00:00Z,2014-01-10T18:30:00Z,Tehama,40.1346,-121.79,865,2.22E-05,0.000189,0.013333,25.00222,0.492222,2.621111,6.783333,152.6667,2,36.20778,58.24111,0.244444,9.743556,1021.156,Medium
2014-01-04T12:00:00Z,2014-01-08T19:15:00Z,Humboldt,40.88442,-123.774,333,0.00028,0.0029,0.174,26.532,0.594,4.478,15.384,184.8,2,32.304,51.414,0.468,7.6786,1021.2,Medium
2014-01-16T05:50:00Z,2014-01-27T10:00:00Z,Los Angeles,34.1703,-117.882,1952,1.67E-05,5.00E-05,0.000833,22.3075,0.238333,2.675,9.504167,109.5,3.25,52.45417,76.19667,0.185833,8.50125,1018.858,High
2014-03-08T12:30:00Z,2014-03-11T11:00:00Z,San Diego,32.81,-116.49,125,0,7.50E-05,0.0075,20.4825,0.28,7.27,22.6675,121.5,7.25,49.05,64.5625,0.145,9.25375,1015.325,Low
2014-04-30T08:00:00Z,2014-05-05T17:30:00Z,San Bernardino,34.16935,-117.547,2143,3.33E-05,0.00035,0.005,22.70167,0.17,5.35,18.76333,138.8333,8.833333,61.46167,85.19333,0.208333,8.187833,1013.983,High
2014-05-13T11:00:00Z,2014-05-17T20:14:00Z,San Diego,33.003,-117.133,1548,4.00E-05,0.00078,0.004,25.498,0.156,5.636,20.282,139.6,10.6,65.662,94.52,0.068,9.8448,1014.8,High
2014-05-13T14:00:00Z,2014-05-19T09:20:00Z,Santa Barbara,34.609,-120.454,632,0,0,0,39.76429,0.475714,7.448571,21.54429,277,11,51.74,79.36286,0.118571,9.749714,1015.814,Medium
2014-05-14T09:45:00Z,2014-05-19T09:20:00Z,San Diego,33.3529,-117.285,5367,0.000283,0.006117,0.051667,30.29833,0.265,5.335,19.75167,175.6667,11,65.51167,90.05,0.18,8.827667,1013.9,High
2014-05-14T10:30:00Z,2014-05-17T00:00:00Z,San Diego,33.1109,-117.279,600,0.0001,0.002275,0.0075,28.9225,0.175,4.7,17.9525,164.75,11,67.3975,96.21,0.0575,9.68025,1014.75,Medium
2014-05-14T16:00:00Z,2014-05-22T18:15:00Z,San Diego,33.1137,-117.16,1995,0.0002,0.003967,0.013333,39.65778,0.447778,4.833333,16.83222,196.8889,10.33333,61.06333,81.61889,0.347778,9.147222,1014.022,High
2014-05-16T11:24:00Z,2014-05-20T23:30:00Z,San Diego,33.41757,-117.551,1457,2.00E-05,0.00022,0.002,43.982,0.456,5.006,13.77,207.4,10.4,64.06,84.702,0.402,7.7948,1013.02,High
2014-06-10T15:11:00Z,2014-06-13T18:30:00Z,Mariposa,37.7103,-120.197,130,0,0,0,43.8675,0.2925,4.5375,15.05,264.25,11,66.4625,95.9175,0,9.997,,Low
2014-06-13T17:00:00Z,2014-06-20T08:30:00Z,Kern,35.70683,-118.556,3895,0.00015,0.00105,0.145,31.24125,0.36375,7.565,26.2475,271.125,,46.7475,71.37375,,,,High
2014-07-01T12:08:00Z,2014-07-09T18:00:00Z,Napa,38.664,-122.454,4300,0,0.000111,0.003333,50.66,0.488889,2.334444,11.07556,203.6667,10.88889,57.86333,90.66778,0.313333,8.936778,1011.289,High
2014-07-03T10:43:00Z,2014-07-06T09:15:00Z,San Diego,33.07895,-116.576,217,0.000325,0.006975,0.0575,48.25,0.395,5.7,15.42,218.75,11.75,67.445,85.605,0.11,9.4385,1012.95,Medium
2014-07-03T15:46:00Z,2014-07-07T07:00:00Z,Modoc,41.489,-120.904,1469,0,0,0,29.828,0.252,4.498,18.476,243.6,11,50.628,93.752,0.006,10,1014.36,High
2014-07-04T21:32:00Z,2014-07-12T18:00:00Z,Yolo,38.512,-122.104,6488,0.000289,0.003622,0.057778,52.55444,0.55,6.302222,16.50111,222.8889,10.77778,57.16444,87.85778,0.065556,9.262667,1011.856,High
2014-07-05T18:44:00Z,2014-07-08T18:30:00Z,Shasta,40.5719,-121.342,75,0,0,0,29.3025,0.335,4.22,15.535,242,,41.6825,80.735,,,,Low
2014-07-11T13:46:00Z,2014-07-21T14:45:00Z,Kern,35.642,-118.15,1680,9.09E-06,0.000164,0.005455,42.56273,0.32,6.147273,21.15273,216.4545,10.54545,65.8,86.52818,0.168182,9.997,1010.355,High
2014-07-25T16:34:00Z,2014-08-02T19:15:00Z,Amador,38.5691,-120.782,4240,2.22E-05,0.000367,0.015556,43.60333,0.263333,2.893333,9.853333,238.4444,9.888889,70.28333,97.91444,0.056667,9.964,,High
2014-07-31T17:45:00Z,2014-08-18T10:00:00Z,Siskiyou,41.682,-122.127,5503,0.000479,0.007011,0.157368,43.86632,0.472632,4.160526,15.61053,202.8421,9.421053,51.07526,84.25316,0.165789,9.328,1015.579,High
2014-08-18T13:50:00Z,2014-08-25T08:25:00Z,Madera,37.3433,-119.658,612,0,0,0,43.12375,0.35,2.1025,12.9025,260,0,57.88,90.1025,,,,Medium
2014-08-18T14:30:00Z,2014-08-27T18:00:00Z,Kern,35.7206,-118.475,4045,0.0001,0.0006,0.071,37.016,0.279,6.948,25.546,278.3,0,60.542,88.246,,,,High
2014-08-24T16:36:00Z,2014-08-28T19:00:00Z,Trinity,40.7412,-122.946,580,4.00E-05,0.00066,0.002,41.358,0.35,3.094,16.928,166.8,8.6,53.488,93.706,0.132,9.9858,,Medium
2014-09-10T00:30:00Z,2014-09-16T09:30:00Z,Shasta,40.7101,-122.171,1375,0,5.71E-05,0.002857,39.5,0.284286,3.17,12.39286,195.2857,7,60.85857,97.64714,0.032857,9.876286,1009.043,High
2014-09-11T15:14:00Z,2014-09-15T14:20:00Z,Napa,38.69596,-122.384,27,0,0,0,41.25,0.336,1.036,12.04,181.8,7.4,53.012,97.952,0.22,8.5492,1009.8,Low
2014-09-12T10:30:00Z,2014-09-22T15:00:00Z,Orange,33.748,-117.601,968,0.000282,0.004555,0.035455,57.90273,0.577273,3.731818,14.45818,240,8,65.91909,87.44182,0.146364,9.784909,1009.009,Medium
2014-09-12T15:00:00Z,2014-09-15T11:00:00Z,Humboldt,41.134,-123.753,210,0,0,0,40.6375,0.3525,3.45,12.5875,169.25,4,57.735,88.085,0.53,5.321667,1011.8,Medium
2014-09-13T14:07:00Z,2014-09-18T18:45:00Z,Nevada,39.11368,-121,247,0,6.67E-05,0.011667,40.62167,0.273333,1.35,8.736667,228,7,66.99833,92.10333,0.046667,8.225167,1012.183,Low
2014-09-14T09:15:00Z,2014-09-17T18:45:00Z,El Dorado,38.59,-120.028,94,0.002675,0.012125,0.1575,36.1675,0.4025,3.42,16.31,208.75,7.25,50.025,73.325,0.11,3.63325,1015.4,Low
2014-09-14T13:36:00Z,2014-09-22T07:15:00Z,Madera,37.31192,-119.604,320,0.000111,0.0014,0.0975,46.21889,0.404444,1.406667,9.506667,233.5556,0,59.92111,87.68222,,,,Low
2015-02-24T12:15:00Z,2015-03-02T09:00:00Z,Siskiyou,41.485,-121.851,200,0.001357,0.006514,0.315714,18.69429,0.587143,4.574286,14.50857,198,3.857143,25.33429,45.82286,0.23,9.873571,1020.514,Low
2015-04-13T05:30:00Z,2015-04-18T23:50:00Z,Plumas,40.05083,-120.702,137,8.33E-05,0.000783,0.06,19.6,0.376667,4.286667,16.90333,159.5,0,32.18333,64.01,,,,Low
2015-04-18T18:12:00Z,2015-04-24T07:30:00Z,Riverside,33.88431,-117.643,1049,0,8.57E-05,0.007143,42.89143,0.511429,3.655714,15.76714,244,8.571429,54.34571,74.87571,0.274286,9.328286,1013.071,Medium
2015-06-10T15:00:00Z,2015-06-29T09:00:00Z,Trinity,40.924,-123.168,1542,0.000905,0.011089,0.083158,39.81632,0.318947,3.513158,15.73895,276.0526,11,58.94947,90.73842,0.014737,9.961158,,Medium
2015-06-18T13:07:00Z,2015-06-22T11:45:00Z,Yuba,39.2688,-121.265,158,0,0,0,38.984,0.248,2.922,9.34,171.8,10.4,64.304,94.208,0.016,9.4282,1011.14,Low
2015-06-18T21:00:00Z,2015-06-25T18:45:00Z,Madera,37.16577,-119.524,920,0,0,0,33.9375,0.19875,2.675,12.16625,269.625,9.625,63.89375,97.23875,0.23375,9.997,1011.325,Medium
2015-06-25T18:30:00Z,2015-06-29T09:00:00Z,San Bernardino,34.16597,-117.244,100,0.00054,0.00558,0.11,43.198,0.262,3.322,11.074,228.2,9,70.954,94.33,0.264,8.5908,1012.14,Low
2015-07-10T12:41:00Z,2015-07-15T07:00:00Z,San Luis Obispo,35.7183,-121.016,95,0,5.00E-05,0.006667,52.895,0.673333,3.825,14.8,267.6667,10.83333,53.92833,77.36333,0.143333,9.957667,1013.183,Low
2015-07-12T14:46:00Z,2015-07-21T07:20:00Z,San Bernardino,34.07835,-117.049,54,0.00605,0.03938,0.279,49.597,0.491,3.239,13.99,225.9,9.6,60.125,86.732,0.248,9.3412,1012.82,Low
2015-07-17T14:33:00Z,2015-07-21T07:00:00Z,San Bernardino,34.339,-117.478,4250,0.01286,0.09968,0.582,51.318,0.572,3.812,14.568,211.8,9.2,60.616,83.708,0.408,7.9054,1013.06,High
2015-07-17T21:30:00Z,2015-08-04T08:15:00Z,Los Angeles,34.367,-117.683,200,0.005021,0.040942,0.231579,45.57316,0.588421,2.413158,11.55105,203.4211,10.52632,52.60947,73.65368,0.238421,9.140842,1012.016,Low
2015-07-21T12:35:00Z,2015-07-26T10:30:00Z,Tulare,36.08521,-118.824,430,0.001067,0.013417,0.151667,52.395,0.403333,3.596667,12.87333,256.6667,11,68.32667,91.8,0.01,9.997,,Medium
2015-07-23T14:00:00Z,2015-07-29T14:15:00Z,El Dorado,38.776,-120.404,75,2.86E-05,0.000229,0.022857,38.75429,0.337143,3.184286,13.55286,203.2857,10.57143,59.32714,82.48143,0.114286,6.813571,1016.743,Low
2015-07-23T16:40:00Z,2015-07-26T10:10:00Z,Modoc,41.29226,-121.172,116,0.0086,0.128425,0.4625,36.1125,0.4025,2.1775,9.7925,205,,44.635,81.275,,,,Low
2015-07-24T23:00:00Z,2015-08-01T21:45:00Z,Humboldt,41.29567,-123.784,158,1.11E-05,0.000178,0.023333,49.86778,0.66,3.55,13.45,170.7778,8.777778,49.96778,82.12444,0.312222,9.161111,1017.022,Low
2015-07-25T14:30:00Z,2015-08-13T10:30:00Z,Madera,37.27972,-119.5,5702,1.05E-05,0.000174,0.014737,46.96632,0.379474,1.928421,10.66211,258.8947,0,62.38105,90.04053,,,,High
2015-07-25T14:37:00Z,2015-08-12T19:15:00Z,Nevada,39.19209,-120.882,2304,3.68E-05,0.000411,0.015789,44.96579,0.362105,2.407368,12.61474,217.1053,9.894737,62.62842,89.25211,0.045263,7.605579,1012.063,Medium
2015-07-28T17:19:00Z,2015-07-31T19:00:00Z,Humboldt,40.1093,-123.774,16,5.00E-05,0.000525,0.0075,48.6825,0.5275,2.1175,12.905,124.25,0,49.9275,98.81,,,,Low
2015-07-29T11:25:00Z,2015-08-03T17:00:00Z,Butte,39.43963,-121.388,400,3.33E-05,0.000333,0.015,48.41667,0.335,4.018333,12.60167,204.5,9.833333,68.98667,97.29167,0.016667,9.835333,1011.617,Medium
2015-07-29T16:30:00Z,2015-08-04T18:00:00Z,Tuolumne,37.823,-120.156,204,0,2.86E-05,0.002857,44.40857,0.305714,2.785714,12.07571,258.1429,10.42857,66.07143,93.21714,0.09,9.952286,,Low
2015-07-29T17:55:00Z,2015-08-01T19:00:00Z,Shasta,40.41511,-122.44,212,0,0,0,41.2425,0.2175,4.4275,13.625,278.5,10,71.395,106.8825,0.0125,9.997,1011.2,Medium
2015-07-30T12:40:00Z,2015-08-05T17:45:00Z,Tulare,36.49845,-118.901,86,2.86E-05,0.000229,0.02,51.50571,0.344286,3.301429,13.59429,187.4286,10.28571,71.88143,96.93143,0,9.899,,Low
2015-07-30T13:36:00Z,2015-08-03T08:55:00Z,Mendocino,39.43301,-123.363,50,0.0001,0.00132,0.168,51.88,0.584,2.376,14.642,289.8,10,53.218,89.924,0.026,9.997,1012.66,Low
2015-08-10T11:44:00Z,2015-08-15T17:30:00Z,Riverside,33.5736,-116.539,543,1.67E-05,0.000583,0.003333,45.40833,0.385,3.843333,15.005,215.1667,10.83333,58.21833,87.62333,0.081667,9.994167,1009.1,Medium
2015-08-13T16:15:00Z,2015-08-18T07:15:00Z,Calaveras,38.052,-120.558,114,0.000167,0.0023,0.046667,44.17167,0.326667,2.628333,11.745,270.3333,9.833333,61.805,96.81167,0.068333,9.997,,Low
2015-08-16T18:13:00Z,2015-08-28T18:15:00Z,San Luis Obispo,35.3477,-120.627,2446,0,6.15E-05,0.006154,54.94923,0.75,4.118462,15.65077,278,9.846154,53.24769,79.23846,0.282308,9.289846,1013.231,High
2015-08-18T18:30:00Z,2015-08-29T07:00:00Z,Humboldt,40.10588,-124.072,146,8.33E-06,0.0001,0.0225,49.43417,0.6775,2.326667,11.20833,189,0,47.36333,84.50417,,,,Low
2015-08-19T14:45:00Z,2015-08-22T18:30:00Z,Alameda,37.3845,-121.373,2700,0,0,0,53.6625,0.6575,5.94,13.9125,230,9.5,56.3,82.5625,0.3225,4.07175,1010.975,High
2015-08-22T17:30:00Z,2015-08-27T15:15:00Z,Lake,38.92576,-122.879,215,1.67E-05,0.000117,0.001667,47.76,0.453333,2.665,15.97333,181.1667,8.5,55.04,89.85,0.315,9.216,1012.95,Low
2015-08-23T12:25:00Z,2015-09-11T15:00:00Z,San Bernardino,34.23,-116.883,55,0.000216,0.003384,0.042105,37.80053,0.436842,2.726842,12.17632,209.9474,9.473684,48.63632,75.58263,0.140526,9.916105,1011.942,Low
2015-08-25T14:08:00Z,2015-08-29T18:45:00Z,Trinity,40.7249,-122.962,128,0,0,0,44.016,0.374,3.438,16.236,143.6,8.6,55.656,91.802,0.114,9.9436,,Low
2015-09-02T14:57:00Z,2015-09-08T19:28:00Z,Lake,55.23,-122,673,,,,,,,,,0,36.03286,49.91429,,,,Medium
2015-09-08T13:23:00Z,2015-09-15T19:15:00Z,Tuolumne,38.04684,-120.302,108,6.25E-05,0.000475,0.0475,35.85875,0.2675,4.42375,14.8225,246.25,8,62.42875,87.10625,0.42375,9.36825,,Low
2015-09-11T14:15:00Z,2015-09-17T19:30:00Z,Butte,39.5218,-121.336,1042,0.001014,0.0063,0.152857,46.02857,0.435714,4.575714,15.55143,152.4286,6.714286,63.22429,84.86286,0.277143,9.153,1010.057,Medium
2015-09-19T15:00:00Z,2015-09-27T18:15:00Z,Monterey,36.36996,-121.59,1086,1.11E-05,0.000211,0.012222,44.38667,0.431111,5.023333,18.63556,254.1111,7.222222,55.46778,86.74444,0.146667,8.993889,1012.8,Medium
2015-10-12T16:00:00Z,2015-10-16T18:00:00Z,San Benito,36.70854,-121.327,670,0.0004,0.00236,0.116,53.116,0.608,3.026,13.37,277.4,5.4,56.908,86.106,0.118,7.111,1015.4,Medium
2015-10-29T05:30:00Z,2015-11-09T12:00:00Z,Santa Barbara,34.4828,-119.632,21,0.000275,0.001683,0.088333,36.84,0.505833,5.773333,22.16417,222.6667,4.416667,48.855,67.41,0.105833,9.839167,1014.65,Low
2016-05-22T15:27:00Z,2016-05-25T18:15:00Z,Monterey,36.38123,-121.201,3876,5.00E-05,0.0011,0.0175,42.0225,0.5575,5.48,20.1325,300.5,9.25,48.9625,70.2425,0.505,6.43175,1017.25,High
2016-05-31T13:48:00Z,2016-06-07T06:45:00Z,San Diego,33.41639,-117.088,70,5.00E-05,0.0004,0.03375,52.67375,0.62625,4.56875,15.01625,205.25,9.625,57.96875,82.26375,0.48875,7.906375,1013.275,Low
2016-06-04T11:40:00Z,2016-06-07T18:15:00Z,Riverside,33.47689,-117.141,139,0,0.00025,0.04,50.865,0.505,4.2325,14.3125,222,10.25,60.1375,88.1075,0.2925,8.2535,1012.925,Low
2016-06-04T14:33:00Z,2016-06-20T08:30:00Z,Monterey,36.01542,-121.25,2520,5.88E-06,5.88E-05,0.011765,44.03059,0.504118,3.744706,17.06235,122.1176,,49.27,83.99471,,,1011.7,Medium
2016-06-17T14:54:00Z,2016-06-21T18:30:00Z,Amador,38.26874,-120.903,210,0,4.00E-05,0.002,46.882,0.46,3.106,12.82,284,10.6,54.572,87.192,0.144,8.0582,,Low
2016-06-19T11:03:00Z,2016-06-30T18:30:00Z,San Diego,32.60729,-116.63,7609,0,0,0,45.07917,0.3375,5.425833,17.37833,257.4167,10.58333,63.4775,92.91583,0.248333,7.794,1012.117,High
2016-06-25T06:30:00Z,2016-07-09T08:30:00Z,Mono,37.97,-119.14,650,0.002373,0.01924,0.096,31.29933,0.308667,4.687333,18.44333,199.4,11.93333,49.706,79.84467,0.087333,9.9424,,Low
2016-06-26T13:10:00Z,2016-06-29T18:30:00Z,Orange,33.57872,-117.774,47,0,0.0001,0.0175,62.98,0.7825,2.0675,7.5925,220,10.75,62.45,81.4925,0.285,8.518,1012.475,Low
2016-06-27T18:00:00Z,2016-06-30T07:00:00Z,Calaveras,38.22017,-120.868,33,0,0,0,49.2275,0.33,2.7625,13.165,257.75,11,60.7275,104.32,0.0025,8.7825,1012.325,Low
2016-06-30T13:32:00Z,2016-07-04T07:45:00Z,Tehama,40.0353,-122.569,464,2.00E-05,0.00048,0.012,49.242,0.354,7.56,16.79,199.2,11,67,92.61,0.066,9.997,1009.66,Medium
2016-07-01T14:05:00Z,2016-07-08T19:00:00Z,Kern,35.20993,-118.723,1785,0,0,0,45.37125,0.275,4.88,15.28875,269.25,11,69.71375,96.40125,0.03875,9.647875,1010.587,High
2016-07-01T17:16:00Z,2016-07-05T07:05:00Z,Fresno,36.0749,-120.452,2944,0,0,0,47.158,0.322,3.8,13.97,294,11,63.43,96.388,0.094,3.9748,1013.12,High
2016-07-02T14:55:00Z,2016-07-08T19:32:00Z,Calaveras,38.02845,-120.612,310,0,0.0001,0.012857,47.82571,0.414286,2.711429,11.43286,282.7143,11,56.52143,91.63143,0.012857,9.997,,Low
2016-07-04T17:15:00Z,2016-07-07T19:00:00Z,Fresno,36.14161,-120.62,145,0,0,0,41.94,0.2925,4.52,15.7025,296.5,,59.7675,92.1875,,,,Low
2016-07-08T22:45:00Z,2016-07-12T07:00:00Z,Shasta,40.36873,-122.729,441,8.00E-05,0.00132,0.024,45.738,0.398,5.902,17.454,257.6,10.2,58.276,88.152,0.144,9.997,1012.92,Medium
2016-07-09T12:04:00Z,2016-07-16T12:00:00Z,Los Angeles,34.36763,-118.572,1109,0.000163,0.001325,0.01375,54.29125,0.53875,4.7425,15.55125,206.875,10.875,60.17875,87.03,0.15375,9.775125,1013.213,Medium
2016-07-12T13:14:00Z,2016-07-16T18:30:00Z,Calaveras,38.08056,-120.814,341,0.00012,0.00214,0.01,45.05,0.35,3.322,10.664,290.8,11,57.852,94.934,0.006,8.7638,1012.08,Medium
2016-07-19T17:16:00Z,2016-07-22T18:15:00Z,Lake,39.0863,-122.789,69,0,0,0,45.0675,0.4575,5.1475,15.805,242.75,10,52.58,83.37,0.065,9.66875,1016.725,Low
2016-07-21T16:06:00Z,2016-07-30T14:15:00Z,San Diego,33.393,-117.351,1245,0,2.00E-05,0.004,58.822,0.552,3.814,13.579,227.9,10.6,67.377,91.3,0.118,8.0519,1014.94,Medium
2016-07-30T16:40:00Z,2016-08-09T18:30:00Z,Fresno,37.01591,-119.505,2241,4.55E-05,0.000245,0.025455,45.58182,0.275455,3.197273,11.96909,262.7273,10,70.12364,98.62182,0.137273,7.845455,1009.264,High
2016-08-02T16:36:00Z,2016-08-12T15:00:00Z,Yolo,38.52513,-122.068,5731,0.000145,0.002218,0.026364,52.01182,0.641818,6.420909,13.55545,232.6364,10,52.15727,84.05091,0.068182,9.949091,1010.8,High
2016-08-04T17:10:00Z,2016-08-07T20:15:00Z,Kern,35.24504,-118.603,100,0,0,0,40.915,0.2525,4.7625,17.0525,299.75,11,67.09,91.4375,0.025,9.468,1009.375,Low
2016-08-07T12:18:00Z,2016-08-16T08:00:00Z,San Bernardino,34.28771,-117.273,8110,0,3.00E-05,0.005,43.517,0.357,4.027,14.052,186.9,10.4,62.287,85.971,0.092,9.057,1010.58,High
2016-08-09T13:08:00Z,2016-08-18T19:00:00Z,Fresno,36.09974,-120.511,7050,0,0,0,43.122,0.284,3.779,13.59,140.7,9.9,60.961,96.217,0.092,7.612,1011.95,High
2016-08-11T14:57:00Z,2016-08-16T08:45:00Z,Humboldt,40.4572,-124.058,23,6.67E-05,0.000717,0.036667,52.95333,0.796667,3.59,11.72333,304.8333,9,51.79167,72.045,0.656667,5.2565,1015.467,Low
2016-08-12T17:23:00Z,2016-08-19T08:30:00Z,Humboldt,40.9878,-123.778,21,0,0,0,50.2025,0.80375,2.26875,10.485,270.625,7.375,45.0875,75.22875,0.8425,4.09675,1014.925,Low
2016-08-13T18:03:00Z,2016-08-26T18:00:00Z,Lake,38.89741,-122.607,3929,0,0,0,47.27429,0.366429,3.262143,12.16286,217.8571,9.071429,63.94857,93.05429,0.479286,8.676714,1012.693,High
2016-08-22T16:03:00Z,2016-09-04T06:55:00Z,Humboldt,41.28486,-123.823,599,6.43E-05,0.001007,0.008571,51.51357,0.7,2.442857,11.37357,293.7857,5.214286,51.21429,77.65643,0.771429,5.899214,1016.786,Low
2016-08-24T14:55:00Z,2016-08-30T06:45:00Z,Siskiyou,41.7813,-122.611,710,0,0,0,34.44143,0.251429,3.957143,13.22286,245.1429,8.142857,56.68571,93.79286,0.03,9.919714,1015.971,Medium
2016-08-26T10:10:00Z,2016-08-29T10:30:00Z,Kern,35.2013,-118.721,518,0,0,0,45.765,0.3375,3.6475,10.855,296.5,9.25,65.08,89.98,0.035,9.62325,1012,Medium
2016-08-26T15:30:00Z,2016-08-30T18:40:00Z,Butte,39.79547,-121.717,88,2.00E-05,0.0002,0.002,47.414,0.4,2.45,8.19,172.2,8.4,60.984,88.114,0.15,9.9338,1013.8,Low
2016-08-28T13:07:00Z,2016-08-31T18:50:00Z,Calaveras,38.1874,-120.638,450,0,0,0,47.745,0.475,2.945,10.2025,291.5,9,54.185,88.0475,0.28,9.997,,Medium
2016-08-31T04:10:00Z,2016-09-05T06:55:00Z,Orange,33.6542,-117.522,150,1.67E-05,0.000233,0.006667,58.67667,0.755,3.376667,13.345,226.6667,9,58.84833,80.90167,0.335,8.676833,1010.8,Low
2016-09-03T14:44:00Z,2016-09-06T18:15:00Z,Fresno,36.84479,-119.345,158,0.0008,0.004225,0.605,42.7625,0.4,2.405,12.0525,233,8,54.3675,86.8025,0.085,7.91675,1008.85,Low
2016-09-05T16:28:00Z,2016-09-12T14:51:00Z,Butte,39.6871,-121.571,850,0,0,0,46.06875,0.35875,3.51375,13.66125,148,7.625,63.51875,89.305,0.08375,9.920875,1012.325,Medium
2016-09-10T14:06:00Z,2016-09-15T09:10:00Z,Mendocino,39.7299,-123.504,50,0,0,0,45.82667,0.555,2.626667,11.79833,204.3333,0,47.27167,87.60667,,,,Low
2016-09-11T11:33:00Z,2016-09-22T07:00:00Z,Lassen,40.3915,-120.785,2575,0.000125,0.001742,0.05,25.7125,0.2925,3.145833,15.60583,198.3333,0,42.41833,78.485,,9.736083,,High
2016-09-11T14:15:00Z,2016-09-14T18:00:00Z,Modoc,41.4657,-120.907,380,0,0,0,23.925,0.2675,6.1275,16.635,150.75,7,42.955,76.38,0.09,9.997,1014.475,Medium
2016-09-13T13:55:00Z,2016-09-17T18:00:00Z,Del Norte,37.75972,-120.03,150,0,0,0,38.126,0.43,5.062,14.818,267,8,48.66,76.844,0.072,9.997,,Low
2016-09-16T23:28:00Z,2016-09-19T18:30:00Z,Butte,39.8851,-121.7,30,0,0,0,41.0225,0.3025,2.1675,7.4,208,6.75,58.94,90.36,0.075,9.9075,1014.125,Low
2016-09-17T13:40:00Z,2016-09-20T18:00:00Z,Nevada,39.20427,-121.059,47,0,0,0,40.5825,0.35,0.8375,7.135,224.25,7,57.0975,88.55,0.0375,9.66775,1013.175,Low
2016-09-22T14:20:00Z,2016-09-27T14:00:00Z,Santa Barbara,34.75134,-120.553,215,0,6.67E-05,0.006667,45.675,0.543333,8.045,19.91667,240.8333,7,55.82333,80.70167,0.17,8.722833,1015.7,Low
2016-09-25T10:43:00Z,2016-09-29T17:00:00Z,Sonoma,38.80017,-122.829,1547,0,0,0,40.632,0.326,3.432,12.632,187.8,6.2,59.704,91.012,0.034,9.9402,1013.82,High
2016-09-26T12:20:00Z,2016-10-04T22:00:00Z,Tuolumne,37.79635,-120.325,1080,1.11E-05,0.000133,0.018889,37.61111,0.388889,2.84,11.06556,220,6.222222,52.70444,81.16111,0.14,9.981333,,Medium
2016-09-26T13:23:00Z,2016-10-06T17:15:00Z,Plumas,39.92,-121.32,248,0.002791,0.031318,0.244545,41.73364,0.53,3.154545,11.23455,159.8182,5.181818,50.98818,80.63545,0.277273,9.910273,,Low
2016-10-11T12:58:00Z,2016-10-20T07:00:00Z,Fresno,36.94536,-119.26,2100,0.00197,0.01397,0.185,42.549,0.499,2.932,11.461,187.1,4.6,54.114,74.415,0.464,9.7098,1015.61,High
2016-10-14T01:28:00Z,2016-10-17T11:45:00Z,El Dorado,38.93449,-120.107,176,0.053625,0.16695,0.65,34.175,0.7175,8.8225,27.1775,208.5,4,38.61,51.25,0.63,6.89975,1010.6,Low
2017-12-21T11:16:00Z,2018-01-09T13:49:00Z,Riverside,33.9885,-117.384,45,5.26E-06,3.16E-05,0.002105,28.61526,0.357368,2.578421,7.559474,166.6316,3,47.97526,73.95263,0.145789,9.183684,1019.142,Low
2017-12-28T20:51:00Z,2018-01-09T13:49:00Z,El Dorado,38.86904,-119.619,80,0.0021,0.012962,0.161538,22.11154,0.529231,3.283846,10.12769,177.9231,2,31.01,52.11308,0.273846,9.790077,1022.623,Low
2019-01-01T14:14:00Z,2019-01-15T10:38:00Z,Humboldt,40.61806,-123.676,30,0.01096,0.033533,0.448667,32.48867,0.810667,4.859333,15.892,126.8667,2,32.44733,46.454,0.445333,8.300867,,Low
2019-04-30T12:20:00Z,2019-05-08T08:47:00Z,Butte,39.83958,-121.957,10,0.000733,0.003178,0.032222,44.73,0.527778,4.936667,15.96,166.8889,6.666667,50.37556,79.56111,0.106667,10,1011.767,Low
2019-04-30T18:37:00Z,2019-05-08T08:47:00Z,Kern,35.65189,-118.925,115,0.000878,0.002633,0.067778,43.70333,0.506667,5.374444,13.2,299.5556,7.555556,52.83333,76.61778,0.227778,10,1011.9,Low
2019-05-01T16:46:00Z,2019-05-08T08:47:00Z,Butte,39.85484,-121.905,50,0.000725,0.0024,0.03875,43.59,0.51375,4.93375,14.6275,128,6.625,50.2225,78.8575,0.12125,10,1012.5,Low
2019-05-03T15:04:00Z,2019-05-08T08:48:00Z,Kern,35.03855,-119.195,172,0.001133,0.004733,0.085,42.34333,0.441667,5.321667,11.32833,338,8,54.58333,82.13167,0.136667,10,1012.117,Low
2019-05-10T14:14:00Z,2019-05-24T14:28:00Z,Placer,39.11536,-120.761,65,0.023707,0.09564,0.559333,40.246,0.725333,3.818,14.75467,174.7333,5.866667,42.828,59.49133,0.532667,8.6692,1011.773,Low
2019-05-13T18:46:00Z,2019-05-19T09:26:00Z,San Diego,32.55757,-116.866,22,0.001443,0.006471,0.148571,51.23,0.728571,5.608571,16.03714,278.5714,8.571429,54.12143,67.52,0.434286,9.978,1014.429,Low
2019-05-18T22:53:00Z,2019-05-24T14:23:00Z,Riverside,33.65024,-116.173,130,0.000743,0.002443,0.108571,42.86857,0.407143,10.23714,19.01,297,8,57.66714,81.14714,0.16,10,1008.686,Low
2019-05-20T10:57:00Z,2019-05-24T14:23:00Z,Tehama,39.98097,-122.307,63,0.00424,0.02112,0.428,47.316,0.674,8.816,23.604,225.4,5.6,48.398,70.322,0.348,9.8258,1009.72,Low
2019-05-20T13:50:00Z,2019-05-24T14:23:00Z,Riverside,33.81678,-117.182,26,0.00754,0.02624,0.608,47.86,0.81,5.17,17.644,198.4,5.4,47.852,61.25,0.664,9.6678,1010.98,Low
2019-05-29T17:10:00Z,2019-06-03T08:44:00Z,San Luis Obispo,35.30759,-119.965,835,0.001567,0.007117,0.09,51.87833,0.646667,6.275,14.36333,243.8333,7.833333,51.81167,77.84833,0.161667,9.9355,1011.533,Medium
2019-05-29T17:18:00Z,2019-06-05T15:07:00Z,Fresno,36.66909,-119.305,121,0.000825,0.002488,0.06875,56.18875,0.57125,4.205,8.82875,284.625,8,59.06125,87.345,0.14,10,1010.438,Low
2019-05-30T12:41:00Z,2019-06-03T08:48:00Z,Riverside,33.69078,-114.573,45,0.00072,0.00216,0.036,35.894,0.212,6.692,14.792,189,9,64.686,98.172,0.006,10,1006.82,Low
2019-05-30T16:19:00Z,2019-06-11T14:40:00Z,Santa Clara,37.45899,-121.221,144,0.000831,0.003869,0.040769,49.29231,0.461538,6.746923,14.40615,318.3846,8.846154,61.05385,88.20154,0.117692,10,1011.762,Low
2019-06-01T15:49:00Z,2019-06-11T14:48:00Z,Tulare,36.28001,-119.11,155,0.000891,0.004282,0.051818,54.39909,0.486364,4.880909,10.40273,244.3636,8.909091,61.96455,92.14727,0.104545,10,1011.064,Low
2019-06-02T16:12:00Z,2019-06-11T14:48:00Z,Tulare,36.18479,-118.992,257,0.00083,0.00456,0.051,52.81,0.446,5.069,10.517,238.1,9,63.153,92.335,0.112,10,1011.27,Low
2019-06-03T12:18:00Z,2019-06-11T14:48:00Z,Tulare,36.14246,-118.806,25,0.001244,0.007,0.071111,51.78556,0.463333,4.552222,9.471111,238,9.222222,60.53556,89.19556,0.138889,10,1012.244,Low
2019-06-03T12:18:00Z,2019-06-11T14:48:00Z,Tulare,36.23012,-118.857,33,0.000267,0.002844,0.126667,49.67222,0.441111,3.821111,14.12333,193.6667,9.444444,63.36667,84.34444,0.142222,10,1012.167,Low
2019-06-05T10:49:00Z,2019-06-11T14:49:00Z,San Luis Obispo,35.34376,-119.914,1127,0.000829,0.005614,0.02,46.58571,0.41,7.36,15.78429,147.5714,10,60.91714,87.44571,0.114286,10,1012.7,High
2019-06-06T14:24:00Z,2019-06-11T14:47:00Z,Contra Costa,38.02503,-121.976,23,0.000633,0.0043,0.023333,42.84833,0.38,8.053333,18.37667,200,9.166667,59.97,88.155,0.163333,10,1013.967,Low
2019-06-07T12:59:00Z,2019-06-11T14:50:00Z,Placer,38.75263,-121.393,27,0.00068,0.00524,0.026,45.894,0.414,8.64,16.918,301.8,8.8,58.232,89.362,0.14,10,1014.1,Low
2019-06-07T12:59:00Z,2019-06-17T08:49:00Z,Solano,38.21416,-122.122,24,0.0006,0.003355,0.049091,48.62273,0.530909,8.403636,17.83909,214.4545,8.818182,57.66273,84.53636,0.222727,9.993091,1013.136,Low
2019-06-07T16:55:00Z,2019-06-11T17:14:00Z,Stanislaus,37.25988,-121.094,600,0.0007,0.00534,0.028,41.094,0.33,7.182,17.406,321.8,9,59.474,90.574,0.18,10,1013.94,Medium
2019-06-08T13:07:00Z,2019-06-17T08:34:00Z,Yuba,39.15641,-121.564,70,0.00056,0.00324,0.028,53.734,0.504,6.257,14.148,224.7,8.6,60.144,91.807,0.145,10,1012.64,Low
2019-06-08T14:37:00Z,2019-06-17T08:46:00Z,Napa,38.63047,-122.473,50,0.00059,0.00359,0.026,45.124,0.433,4.558,14.647,275.9,9,58.347,86.28,0.202,10,1013.26,Low
2019-06-08T14:37:00Z,2019-06-17T15:16:00Z,Sutter,39.28926,-121.859,1350,0.00062,0.00365,0.03,53.453,0.499,7.18,16.632,221.7,8.5,59.738,91.88,0.149,10,1012.71,Medium
2019-06-08T14:50:00Z,2019-06-17T10:40:00Z,Yolo,38.88978,-122.239,2512,0.00059,0.00351,0.02,46.934,0.38,7.234,18.349,237.1,8.9,62.53,94.05,0.165,10,1012.75,High
2019-06-10T14:25:00Z,2019-06-24T11:44:00Z,San Diego,33.30267,-116.978,15,0.000653,0.002273,0.051333,55.08867,0.698667,3.574667,12.298,260.1333,9.6,56.826,82.89467,0.327333,9.4564,1012.527,Low
2019-06-10T15:16:00Z,2019-06-17T08:46:00Z,Santa Clara,37.44422,-121.841,35,0.000325,0.00105,0.03625,50.20375,0.5125,4.865,11.23875,202.25,8.875,60.0925,85.595,0.30125,9.938625,1013.313,Low
2019-06-12T12:48:00Z,2019-06-24T10:25:00Z,San Luis Obispo,35.66318,-120.411,1764,0.000554,0.001754,0.026154,53.12923,0.622308,7.023846,16.39846,231.9231,9.461538,54.09077,85.51231,0.148462,9.753308,1012.231,Medium
2019-06-12T17:23:00Z,2019-06-17T08:46:00Z,Monterey,35.97059,-120.882,43,0.00045,0.001683,0.018333,52.96833,0.528333,5.536667,14.31167,244.6667,9.333333,57.59333,91.94333,0.13,9.828833,1012.333,Low
2019-06-14T16:14:00Z,2019-06-17T10:39:00Z,Siskiyou,41.64895,-122.36,17,0.000775,0.0032,0.035,46.1175,0.4175,4.6175,15.4225,326.75,8.5,54.705,89.5325,0.185,10,1012.675,Low
2019-06-15T15:29:00Z,2019-06-24T11:06:00Z,Butte,39.76242,-121.737,17,0.00044,0.00141,0.018,50.443,0.412,5.015,15.482,197.9,9.1,66.455,91.235,0.043,10,1010.19,Low
2019-06-16T20:33:00Z,2019-06-21T14:23:00Z,Siskiyou,41.94622,-122.402,10,0.000467,0.00145,0.013333,43.495,0.456667,7.235,22.48333,334.3333,8.833333,49.40833,83.705,0.103333,10,1015.6,Low
2019-06-17T17:50:00Z,2019-06-24T16:56:00Z,Siskiyou,39.28926,-121.859,207,0.00045,0.001388,0.01875,54.60875,0.5,6.535,16.4225,200.75,9.125,60.58875,95.16375,0.0175,10,1009.975,Low
2019-06-21T13:02:00Z,2019-06-24T11:43:00Z,Riverside,33.91951,-117.104,525,0.00105,0.00365,0.0625,54.285,0.67,5.1025,15.71,270,9.5,56.5675,81.805,0.3125,9.41275,1011.775,Medium
2019-06-21T14:42:00Z,2019-06-24T11:06:00Z,Alameda,37.75427,-121.574,30,0.000275,0.000725,0.0075,47.24,0.435,8.3475,19.635,282.25,9.25,58.045,91.745,0.0125,10,1011.375,Low
2019-06-29T15:09:52Z,2019-07-02T15:51:00Z,Merced,37.31288,-120.242,210,0.00035,0.00155,0.02,45.0025,0.4,7.0025,15.3025,305.5,8.75,55.66,91.85,0.155,10,1014.725,Medium
2019-07-12T13:20:39Z,2019-07-15T17:10:00Z,San Diego,32.56639,-116.753,100,0.000525,0.00175,0.0425,56.6625,0.525,5.08,13.785,288.25,11.25,62.525,92.69,0.0825,9.99825,1011.525,Low
2019-07-12T17:15:31Z,2019-07-17T10:00:00Z,Riverside,33.56938,-116.079,80,0.0004,0.001267,0.031667,41.53667,0.168333,6.051667,14.35833,172.8333,11,82.27167,111.3083,0.051667,10,1007.65,Low
2019-07-13T18:42:22Z,2019-07-16T08:50:00Z,State of Nevada,39.63195,-119.77,1165,0.000375,0.001475,0.01,35.575,0.275,6.9775,23.2875,252.75,11,56.505,87.4875,0.0075,10,1013.025,High
2019-07-17T16:13:41Z,2019-07-20T09:05:00Z,Modoc,41.909,-120.306,128,0.000525,0.001775,0.0375,42.1775,0.45,6.2025,15.58,291.5,10,50.4,81.4025,0.105,10,1012.05,Low
2019-07-28T22:39:05Z,2019-08-05T12:27:00Z,Santa Barbara,34.6657,-119.95,100,0.000311,0.001078,0.011111,49.9,0.428889,4.95,11.00444,259,10.44444,63.30111,86.64556,0.147778,9.814889,1013.389,Low
2019-07-30T13:28:17Z,2019-08-12T08:20:00Z,Monterey,36.00889,-121.467,280,0.00055,0.00185,0.043571,50.90929,0.615,4.424286,9.294286,304.2857,9.357143,58.30071,72.70643,0.201429,9.944357,1014.179,Low
2019-08-03T03:16:00Z,2019-08-06T18:42:00Z,Contra Costa,37.90836,-121.873,757,2.50E-05,0.0001,0.0025,53.4925,0.53,6.8475,17.07,265,9.25,57.8525,90.6,0.1625,9.95775,1014.1,High
2019-08-08T14:55:59Z,2019-08-11T10:28:00Z,Lake,38.99174,-122.775,20,0.0008,0.00405,0.12,49.5,0.58,7.075,15.145,279,8.75,58.6175,74.3275,0.1925,10,1013.125,Low
2019-08-08T18:42:41Z,2019-08-11T11:35:00Z,Lassen,40.9438,-120.275,1020,0.001375,0.00595,0.2275,35.7525,0.36,7.9075,22.2275,234,8.25,53.1975,78.36,0.205,10,1012.775,High
2019-08-09T23:08:25Z,2019-08-18T16:33:00Z,State of Oregon,42.033,-122.175,1301,0.00231,0.01327,0.179,45.323,0.524,4.858,14.021,274.8,8.4,50.681,82.079,0.16,9.969,1015.81,Medium
2019-08-12T17:10:00Z,2019-08-17T18:15:00Z,Mendocino,39.00526,-123.195,225,0.000483,0.002217,0.013333,53.24167,0.496667,5.208333,15.02333,299.5,9.5,60.53,91.18,0.04,10,1014.183,Low
2019-08-22T11:02:09Z,2019-08-26T17:00:00Z,Shasta,40.71556,-122.242,600,0.00018,0.00064,0.004,51.616,0.366,4.18,13.16,209.8,8.6,69.036,98.166,0.142,10,1010.1,Medium
2019-08-24T16:33:58Z,2019-08-27T10:44:00Z,Lassen,40.562,-120.544,131,0.000475,0.001575,0.0325,39.655,0.355,6.4325,13.4525,149.75,9.5,55.5475,86.6225,0.0575,10,1012.875,Low
2019-08-24T17:25:04Z,2019-08-27T09:01:00Z,Lassen,39.89222,-120.03,2438,0.000475,0.001675,0.025,42.2775,0.37,6.23,14.145,153.75,9.75,55.62,91.56,0.06,10,1012.575,High
2019-08-25T16:15:15Z,2019-08-28T08:54:00Z,Mexico,32.55755,-116.874,25,0.0005,0.0017,0.0475,55.065,0.4775,4.74,12.885,273.5,9.75,68.3675,88.7075,0.15,9.99425,1011.6,Low
2019-08-28T19:48:14Z,2019-09-04T16:22:00Z,Lassen,40.593,-120.581,3380,0.000588,0.002225,0.035,36.9875,0.34625,6.10625,16.1275,239.875,8.875,53.8025,86.585,0.03,10,1014.025,High
2019-09-01T17:37:43Z,2019-09-05T08:14:00Z,Ventura,34.71011,-119.355,279,0.00208,0.0224,0.122,48.534,0.382,4.246,13.144,186.2,9.4,63.242,91.888,0.094,10,1012.96,Medium
2019-09-02T20:27:29Z,2019-09-06T08:00:00Z,San Bernardino,34.35367,-117.344,15,0.00186,0.0079,0.136,52.462,0.39,5.37,17.412,188.8,9.6,71.384,91.564,0.108,10,1012.2,Low
2019-09-03T14:57:31Z,2019-09-06T07:24:00Z,El Dorado,38.89892,-120.947,85,0.000875,0.004225,0.055,49.6775,0.37,3.525,10.975,204,9,68.33,92.9525,0.01,10,1012.4,Low
2019-09-03T15:36:45Z,2019-09-06T19:48:00Z,Santa Cruz,37.17835,-122.077,10,0.0008,0.00275,0.085,50.83,0.5075,3.1925,8.8725,324.75,9,62.615,81.185,0.145,9.95425,1013.925,Low
2019-09-04T16:43:36Z,2019-09-14T19:00:00Z,Riverside,33.52847,-117.273,1926,0.0008,0.004864,0.070909,56.81636,0.580909,4.640909,16.70818,218.3636,9.272727,64.78364,87.64091,0.128182,9.974818,1012.236,High
2019-09-05T09:25:00Z,2019-09-18T12:17:00Z,Trinity,40.0623,-123.222,244,0.001964,0.014571,0.176429,43.94214,0.558571,4.853571,11.40714,247.2857,7.142857,51.83143,74.17571,0.175,9.820357,1014.993,Low
2019-09-05T13:19:56Z,2019-09-13T19:00:00Z,Tehama,40.12,-122.64,8838,0.000867,0.0031,0.073333,45.12556,0.411111,5.396667,13.19889,239.5556,7.111111,60.54778,85.64778,0.128889,10,1013.789,High
2019-09-06T11:34:27Z,2019-09-13T07:19:00Z,Modoc,41.748,-121.056,5737,0.00125,0.003238,0.1525,36.905,0.4975,6.5075,14.6625,239.75,7.125,45.10625,74.735,0.23,10,1016.163,High
2019-09-06T13:20:00Z,2019-09-11T18:30:00Z,Lassen,44.734,-120.606,260,0.003133,0.013467,0.408333,47.52833,0.618333,6.198333,16.495,241.6667,6.333333,53.87833,74.27333,0.345,9.989167,1013.717,Low
2019-09-06T15:18:52Z,2019-09-12T18:49:00Z,Butte,39.47033,-121.412,58,0.000857,0.003429,0.074286,48.82714,0.504286,3.374286,11.42429,203.4286,7.285714,58.19571,79.53571,0.104286,10,1013.614,Low
2019-09-07T08:47:46Z,2019-09-26T08:00:00Z,Siskiyou,41.49297,-123.213,227,0.005211,0.027426,0.29,46.37053,0.644211,4.587368,12.18053,165.8421,6.157895,49.50053,73.25,0.299474,9.559316,1016.426,Low
2019-09-07T08:49:58Z,2019-09-12T10:08:00Z,Trinity,41.15039,-122.634,280,0.0014,0.005367,0.158333,41.395,0.516667,4.531667,10.07,212,6.833333,50.24667,75.225,0.25,10,1015.65,Low
2019-09-07T15:06:00Z,2019-09-13T19:00:00Z,Butte,39.45296,-121.413,496,0.000586,0.002386,0.054286,48.28714,0.482857,3.422857,11.07,223.5714,7,58.19,81.22143,0.087143,10,1014.086,Medium
2019-09-07T18:19:16Z,2019-09-10T19:27:00Z,Siskiyou,41.51292,-122.74,15,0.001225,0.00515,0.1125,38.7975,0.5225,4.2975,11.335,281,7,48.495,71.505,0.2775,10,1015.525,Low
2019-09-09T17:42:43Z,2019-09-14T08:00:00Z,Santa Barbara,34.63092,-120.187,200,0.000583,0.004167,0.031667,52.83833,0.601667,8.15,18.40167,278.8333,8.666667,57.35333,83.30167,0.1,9.852667,1013.183,Low
2019-09-15T20:13:05Z,2019-09-22T18:00:00Z,Riverside,33.635,-116.801,167,0.000575,0.001937,0.04,35.82875,0.32875,4.62,14.705,240.625,8.625,58.67625,81.95875,0.14125,9.99325,1011.625,Low
2019-09-21T11:49:00Z,2019-09-24T18:00:00Z,Santa Clara,37.46774,-121.843,128,0.000475,0.00135,0.03,47.0875,0.5,4.76,13.425,318.25,6.75,58.4675,78.885,0.0525,10,1013.45,Low
2019-09-21T14:26:00Z,2019-09-27T18:00:00Z,San Luis Obispo,35.21436,-120.456,220,0.000743,0.002186,0.022857,48.8,0.497143,5.835714,12.52571,120,8,59.36286,84.92714,0.075714,9.872429,1011.714,Low
2019-10-10T14:18:17Z,2019-10-13T07:30:00Z,Riverside,33.97541,-117.207,350,0.000375,0.0013,0.0125,22.4125,0.27,4.7,15.3825,152.5,6.25,56.4,79.105,0.045,10,1011.525,Medium
2019-10-13T14:45:37Z,2019-10-16T13:44:00Z,Lassen,40.38777,-120.304,55,0.0005,0.00185,0.0225,16.65,0.315,3.9275,8.9575,234.5,4.75,30.29,70.485,0.1475,10,1015.45,Low
2019-10-17T16:31:00Z,2019-10-21T06:00:00Z,Santa Barbara,34.48472,-120.191,420,0.0005,0.00162,0.022,44.216,0.474,13.182,33.344,336.4,5.8,57.59,77.204,0.134,10,1012.96,Medium
2019-10-21T11:52:52Z,2019-10-31T14:16:00Z,Los Angeles,34.05577,-118.554,42,0.000309,0.000918,0.019091,33.20545,0.299091,4.173636,13.07545,234.5455,5.272727,63.56364,79.63909,0.053636,10,1013.418,Low
2019-10-24T20:15:36Z,2019-10-27T12:11:00Z,San Mateo,37.16667,-122.361,62,0.000575,0.001725,0.045,46.1475,0.52,6.4825,13.0225,188,4.75,58.655,72.855,0.0625,10,1014.525,Low
2019-10-24T23:16:18Z,2019-10-27T13:55:00Z,Alameda,37.62782,-121.686,35,0.000225,0.00075,0.005,30.545,0.225,5.105,14.03,172.5,5,62.68,81.995,0.0175,10,1014.725,Low
2019-10-25T10:52:04Z,2019-10-28T19:31:00Z,San Diego,33.05512,-116.743,97,0.000525,0.0025,0.02,19.9575,0.2075,10.17,27.285,155,5.5,61.3575,77.275,0.0725,9.952,1011.85,Low
2019-10-27T14:54:40Z,2019-11-03T18:52:00Z,Mendocino,39.22431,-123.129,703,0.0004,0.0013,0.0925,18.39,0.26,4.0375,11.76375,209.5,4.125,42.34,69.96625,0.01,10,1017.113,Medium
2019-10-28T06:46:55Z,2019-11-05T17:30:00Z,Los Angeles,34.09819,-118.479,745,0.000489,0.001367,0.027778,20.49778,0.258889,4.912222,12.09222,266.2222,4.888889,55.45444,73.63778,0.074444,10,1015.244,Medium
2019-10-30T07:45:14Z,2019-11-02T18:57:00Z,Ventura,34.28218,-118.803,1806,0,0,0,1.4625,0.135,9.1975,22.3975,87.25,5,53.0975,74.105,0.02,10,1017.625,High
2019-10-30T11:19:00Z,2019-11-02T18:44:00Z,Riverside,34.01778,-117.463,494,0.00035,0.001125,0.01,0.915,0.1275,6.345,16.6675,108.5,5,48.0375,77.3875,0.005,10,1017.575,Medium
2019-10-31T06:22:34Z,2019-11-03T16:15:00Z,Riverside,33.98597,-117.414,328,5.00E-05,0.000175,0.01,-0.9875,0.085,6.0175,14.1825,61.5,5,49.595,82.0375,0.0175,10,1018.525,Medium
2019-10-31T06:53:47Z,2019-11-05T09:03:00Z,San Bernardino,34.183,-117.285,200,0.00015,0.000433,0.006667,1.841667,0.103333,4.723333,14.285,347.5,5,45.57667,75.57333,0.021667,10,1018.083,Low
2019-10-31T20:58:28Z,2019-11-06T18:00:00Z,Ventura,34.30221,-118.997,9999,0.000543,0.001557,0.011429,13.73286,0.19,7.668571,20.55,90.57143,5,55.46286,77.30286,0.02,10,1016.8,High
2019-11-03T14:16:17Z,2019-11-14T18:02:00Z,Tehama,40.03638,-122.638,2534,0.000483,0.001442,0.008333,30.43667,0.3175,4.5425,8.671667,308.1667,3.5,50.07667,76.925,0.246667,10,1017.483,High
